item_id,parent_scope,component_or_feature,object_type,quantity,nominal_data,interface_or_relationship,configuration,evidence_state,source_ids,source_locator,status,notes
CMT-PB-001,PXS-CMT-A/B,CMT pressure vessel,pressure_vessel,2,"2500 ft3 minimum/free internal volume each; vertical cylindrical vessel with hemispherical upper/lower heads",Contains normally cold borated water at RCS pressure,AP1000-DCD-R19-GENERIC,VERIFIED_PUBLIC,SRC-0011;SRC-0401,NUREG-1793 Ch.5 Sec.5.4.13 and Ch.6 Sec.6.3.2.1,ACTIVE,Instantiate A/B as separate physical vessels in plant overlay
CMT-PB-002,CMT-PB-001,Cylindrical shell,vessel_shell,2,"carbon/low-alloy steel pressure boundary with stainless-steel wetted cladding",Joins upper/lower heads,AP1000-DCD-R19-GENERIC,VERIFIED_PUBLIC,SRC-0011;SRC-0401,NUREG-1793 Ch.5 Sec.5.4.13 and Ch.6 Sec.6.3.2.1,ACTIVE,Exact shell course count thickness forging/plate specification and circumferential weld map remain unresolved
CMT-PB-003,CMT-PB-001,Hemispherical upper head,vessel_head,2,UNRESOLVED,Contains upper sample connection and pressure-balance/inlet interfaces as applicable,AP1000-DCD-R19-GENERIC,VERIFIED_PUBLIC,SRC-0011,NUREG-1793 Ch.5 Sec.5.4.13.1,ACTIVE,Nozzle clocking and head thickness unresolved
CMT-PB-004,CMT-PB-001,Hemispherical lower head,vessel_head,2,UNRESOLVED,Contains CMT injection/outlet nozzle and lower sample connection,AP1000-DCD-R19-GENERIC,VERIFIED_PUBLIC,SRC-0011,NUREG-1793 Ch.5 Sec.5.4.13.1,ACTIVE,
CMT-PB-005,CMT-PB-001,Internal stainless-steel cladding,pressure_boundary_cladding,2,UNRESOLVED,Provides corrosion-resistant wetted surface,AP1000-DCD-R19-GENERIC,VERIFIED_PUBLIC,SRC-0011;SRC-0401,NUREG-1793 Ch.5 Sec.5.4.13.2 / Ch.6 Sec.6.3.2.1,ACTIVE,Exact cladding alloy/process/thickness to resolve from MT01 design/fabrication records
CMT-PB-006,CMT-PB-001,Pressure-balance inlet connection,cold_leg_balance_nozzle,2,UNRESOLVED,Connects each CMT to an RCS cold leg and maintains CMT at RCS pressure,AP1000-DCD-R19-GENERIC,VERIFIED_PUBLIC,SRC-0401,NUREG-1793 Ch.6 Sec.6.3.2.1,ACTIVE,Exact nozzle size safe-end and weld geometry pending APP-MT01 records
CMT-PB-007,CMT-PB-006,Internal inlet diffuser,flow_diffuser,2,UNRESOLVED,Reduces steam/hot-water entry velocity and water-hammer/mixing during CMT operation,AP1000-DCD-R19-GENERIC,VERIFIED_PUBLIC,SRC-0011;SRC-0401,NUREG-1793 Ch.5 Sec.5.4.13.1 / Ch.6 Sec.6.3.2.1,ACTIVE,Perforation pattern dimensions supports and attachment welds unresolved
CMT-PB-008,CMT-PB-001,Injection/outlet nozzle,lower_head_nozzle,2,UNRESOLVED,Feeds CMT discharge line toward associated DVI line,AP1000-DCD-R19-GENERIC,VERIFIED_PUBLIC,SRC-0011,NUREG-1793 Ch.5 Sec.5.4.13.1,ACTIVE,Inlet/outlet nozzle stress analysis tracked by APP-MT01-Z0R-011
CMT-PB-009,CMT-PB-001,Upper-head sample connection,sample_nozzle,2,UNRESOLVED,Provides upper CMT solution sampling,AP1000-DCD-R19-GENERIC,VERIFIED_PUBLIC,SRC-0011,NUREG-1793 Ch.5 Sec.5.4.13.1,ACTIVE,Sample piping/root valve/destination to sampling system unresolved
CMT-PB-010,CMT-PB-001,Lower-head sample connection,sample_nozzle,2,UNRESOLVED,Provides lower CMT solution sampling,AP1000-DCD-R19-GENERIC,VERIFIED_PUBLIC,SRC-0011,NUREG-1793 Ch.5 Sec.5.4.13.1,ACTIVE,
CMT-PB-011,CMT-PB-001,CVS fill connection,fill_nozzle,2,UNRESOLVED,Receives makeup/fill water from CVS,AP1000-DCD-R19-GENERIC,VERIFIED_PUBLIC,SRC-0011,NUREG-1793 Ch.5 Sec.5.4.13.1,BOUNDARY,Close exact CVS piping valve/tag route in CVS work package
CMT-PB-012,CMT-PB-001,Column support set,vessel_support,2 sets,UNRESOLVED,Supports each CMT above DVI nozzle elevation,AP1000-DCD-R19-GENERIC,VERIFIED_PUBLIC,SRC-0011;SRC-0404,NUREG-1793 Ch.5 Sec.5.4.13.1 / APP-MT01-S2C-010 cited by NRC inspection,ACTIVE,Resolve count cross-sections baseplates anchors/welds and seismic load path from support analysis/drawings
CMT-PB-013,CMT-PB-001,Installed elevation relationship,geometry_definition,2,"CMTs located at containment floor elevation 107 ft; bottom inside surface >=7.5 ft above DVI nozzle centerline",Provides gravity head/geometric basis,AP1000-DCD-R19-GENERIC,VERIFIED_PUBLIC,SRC-0401,NUREG-1793 Ch.6 Sec.6.3.2.1,ACTIVE,Plant-specific center coordinates remain unresolved
CMT-VENT-001,CMT-PB-006,CMT pressure-balance high-point vent line,vent_pipe_run,2,UNRESOLVED,High point of each CMT balance line to reactor coolant drain tank,AP1000-DCD-R19-GENERIC,VERIFIED_PUBLIC,SRC-0401,NUREG-1793 Ch.6 Sec.6.3.2.1,BOUNDARY,Exact line tag size material slope routing supports unresolved
CMT-VENT-002,CMT-VENT-001,High-point vent manual isolation valve 1,manual_valve,2,UNRESOLVED,First of two series manual isolation valves,AP1000-DCD-R19-GENERIC,VERIFIED_PUBLIC,SRC-0401,NUREG-1793 Ch.6 Sec.6.3.2.1,ACTIVE,Exact tag/type pending current P&ID
CMT-VENT-003,CMT-VENT-001,High-point vent manual isolation valve 2,manual_valve,2,UNRESOLVED,Second of two series manual isolation valves,AP1000-DCD-R19-GENERIC,VERIFIED_PUBLIC,SRC-0401,NUREG-1793 Ch.6 Sec.6.3.2.1,ACTIVE,
CMT-DIS-001,CMT-PB-008,CMT discharge branch AOV set,air_operated_valve_set,4,"2 parallel normally closed fail-open AOVs per CMT",Opens on loss of air/electric power or control actuation to initiate injection,AP1000-DCD-R19-GENERIC,VERIFIED_PUBLIC,SRC-0401;SRC-0420,NUREG-1793 Ch.6 Sec.6.3.2.1 / Vogtle COL component list V014A/B V015A/B,ACTIVE,Certified individual tags maintained in component registers
CMT-DIS-002,CMT-DIS-001,CMT series in-line/nozzle check valve set,nozzle_check_valve_set,4,"2 in series per CMT downstream of recombined AOV branches; AP1000 8-in Class-1707 nozzle-check family in Vogtle evidence",Prevents DVI/RCS backflow into CMT,AP1000-DCD-R19-GENERIC,VERIFIED_PUBLIC,SRC-0404;SRC-0417;SRC-0424,ML17044A539 Sec.1A24 / ML17132A345 / DCP 864 inspection ML112440588,ACTIVE,Early NUREG-1793 initial text called these tilt-disc checks; DCP 864 changed the design to in-line/nozzle checks and NRC verified incorporation into the AP1000 DCD; Unit-3 and Unit-4 evidence confirms nozzle-check installation
CMT-DIS-003,CMT-DIS-002,CMT flow-tuning orifice,restriction_orifice,2,"R01A/R01B functional-requirement family; field-adjustable/finalized during preoperational testing",Tunes injection-line hydraulic resistance and required CMT flow,AP1000-DCD-R19-GENERIC,VERIFIED_PUBLIC,SRC-0401;SRC-0424,NUREG-1793 Ch.6 Sec.6.3.2.1 / DCP 864 related AP1000 design-document inspection,ACTIVE,Final bore/orifice geometry is plant-specific evidence target
CMT-DIS-004,CMT-DIS-002,CMT outlet-check flow-test manual valve set,manual_test_valve_set,6,"1-in safety-related manual valves; six total added by DCP 864",Facilitates flow testing of CMT outlet/nozzle check valves,AP1000-DCD-R19-GENERIC,VERIFIED_PUBLIC,SRC-0424,ML112440588 DCP 864 design-change inspection,ACTIVE,Exact individual tags allocation among CMT-A/B check-valve test connections and line routing remain unresolved; must be located on current P&ID/isometrics before canonical graph promotion
ACC-PB-001,PXS-ACC-A/B,Accumulator pressure vessel,pressure_vessel,2,"2000 ft3 each; spherical tank; ~2600 ppm borated water; nitrogen pressurized 651-783 psia",Stored-energy safety injection source,AP1000-DCD-R19-GENERIC,VERIFIED_PUBLIC,SRC-0401,NUREG-1793 Ch.6 Sec.6.3.2.2,ACTIVE,Exact sphere diameter wall thickness material/nozzle clocking require MT02 records
ACC-PB-002,ACC-PB-001,Spherical pressure-boundary shell,spherical_vessel_shell,2,UNRESOLVED,Contains nitrogen gas and borated water inventory,AP1000-DCD-R19-GENERIC,VERIFIED_PUBLIC,SRC-0401,NUREG-1793 Ch.6 Sec.6.3.2.2,ACTIVE,Weld seam/segment map unresolved
ACC-PB-003,ACC-PB-001,Nitrogen gas space,gas_inventory,2,"precharge operating range 651-783 psia",Provides stored energy for injection,AP1000-DCD-R19-GENERIC,VERIFIED_PUBLIC,SRC-0401,NUREG-1793 Ch.6 Sec.6.3.2.2,ACTIVE,Charging connection/regulator/source bottle or header path unresolved
ACC-PB-004,ACC-PB-001,Borated-water inventory,water_inventory,2,"about 2600 ppm boron",Safety injection inventory,AP1000-DCD-R19-GENERIC,VERIFIED_PUBLIC,SRC-0401,NUREG-1793 Ch.6 Sec.6.3.2.2,ACTIVE,Minimum/normal usable volume split to extract from R19 Table 6.3-2
ACC-PB-005,ACC-PB-001,Injection nozzle,pressure_vessel_nozzle,2,UNRESOLVED,Connects each accumulator to one DVI line,AP1000-DCD-R19-GENERIC,VERIFIED_PUBLIC,SRC-0401,NUREG-1793 Ch.6 Sec.6.3.2.2,ACTIVE,Nozzle diameter/material/reinforcement unresolved
ACC-INJ-001,ACC-PB-005,Accumulator injection MOV,motor_operated_valve,2,UNRESOLVED,Normally open with power removed and locked out to prevent inadvertent isolation,AP1000-DCD-R19-GENERIC,VERIFIED_PUBLIC,SRC-0401,NUREG-1793 Ch.6 Sec.6.3.2.2,ACTIVE,Unit-4 overlay identifies V027A/B; Unit-3/current generic confirmation still being reconciled
ACC-INJ-002,ACC-INJ-001,Accumulator flow-tuning orifice,restriction_orifice,2,UNRESOLVED,Field adjustment of injection-line resistance,AP1000-DCD-R19-GENERIC,VERIFIED_PUBLIC,SRC-0401,NUREG-1793 Ch.6 Sec.6.3.2.2,ACTIVE,
ACC-INJ-003,ACC-INJ-002,Accumulator swing-disc check valve set,swing_disc_check_valve_set,4,"2 in series per accumulator; 8-in Class-1530 swing-check family in Vogtle evidence",Normally isolates accumulator from higher-pressure RCS and opens when RCS falls below accumulator pressure,AP1000-DCD-R19-GENERIC,VERIFIED_PUBLIC,SRC-0401;SRC-0404;SRC-0417,NUREG-1793 Ch.6 Sec.6.3.2.2 / ML17044A539 Sec.1A24 / ML17132A345,ACTIVE,Certified tags V028A/B and V029A/B in licensing/as-built records
ACC-GAS-001,ACC-PB-001,Accumulator gas relief valve,relief_valve,2,UNRESOLVED,Protects accumulator from overpressurization,AP1000-DCD-R19-GENERIC,VERIFIED_PUBLIC,SRC-0401;SRC-0416,NUREG-1793 Ch.6 Sec.6.3.2.2 / Unit-3 V022A qualification record,ACTIVE,V022A confirmed Unit 3 and V022A/B Unit 4; set pressure capacity discharge path and B-side Unit-3 confirmation unresolved
ACC-GAS-002,ACC-PB-001,Remote gas vent capability,vent_system,2,UNRESOLVED,Allows remote venting of accumulator gas when required,AP1000-DCD-R19-GENERIC,VERIFIED_PUBLIC,SRC-0401,NUREG-1793 Ch.6 Sec.6.3.2.2,ACTIVE,Resolve vent nozzle valves piping destination and actuation hardware
ACC-GEO-001,ACC-PB-001,Installed location relationship,geometry_definition,2,"containment floor just below CMTs",Defines relative plant placement,AP1000-DCD-R19-GENERIC,VERIFIED_PUBLIC,SRC-0401,NUREG-1793 Ch.6 Sec.6.3.2.2,ACTIVE,Exact room/elevation/coordinates from Vogtle as-built overlay pending
