record_id,parent_support,component_or_feature,component_type,quantity,confirmed_detail,configuration,evidence_state,source_ids,source_locator,status,remaining_targets,notes
PXS-SMD-001,PXS-PH-11R2107,vertical I-beam column A,structural_member,1,"One of two vertical I-beam columns in ASME Class 3 JBC stainless support at bottom of IRWST",VOGTLE-3-CURRENT-PUBLIC,VERIFIED_PUBLIC,SRC-0413,"ML18226A348 Sec.1A17; SV3-PXS-PH-11R2107; SV3-PXS-PHK-876822",ACTIVE,"Exact section designation; web/flange thickness; length; stainless grade/heat; end preparation; pipe-restraint connection; coordinates","Keep column A/B separate because each base weld and geometry can differ"
PXS-SMD-002,PXS-PH-11R2107,vertical I-beam column B,structural_member,1,"Second of two vertical I-beam columns",VOGTLE-3-CURRENT-PUBLIC,VERIFIED_PUBLIC,SRC-0413,"ML18226A348 Sec.1A17; SV3-PXS-PH-11R2107; SV3-PXS-PHK-876822",ACTIVE,"Exact section designation; dimensions; length; material/heat; end preparation; restraint connection; coordinates","Do not collapse with column A in CAD/BOM"
PXS-SMD-003,PXS-PH-11R2107,base fillet weld FW-1,weld,1,"Base weld FW-1; GTAW; support weld-data-sheet family SV3-PXS-PH-11R2107-1",VOGTLE-3-CURRENT-PUBLIC,VERIFIED_PUBLIC,SRC-0413,"ML18226A348 Sec.1A17; WDS SV3-PXS-PH-11R2107-1",ACTIVE,"Which column/base edge; weld size; effective length; joint preparation; exact ER309L heat used; acceptance/NDE record; final coordinates","Model as physical weld bead/joint after geometry is recovered"
PXS-SMD-004,PXS-PH-11R2107,base fillet weld FW-4,weld,1,"Base weld FW-4; GTAW; support weld-data-sheet family SV3-PXS-PH-11R2107-4",VOGTLE-3-CURRENT-PUBLIC,VERIFIED_PUBLIC,SRC-0413,"ML18226A348 Sec.1A17; WDS SV3-PXS-PH-11R2107-4",ACTIVE,"Which column/base edge; weld size; effective length; joint preparation; exact ER309L heat used; acceptance/NDE; coordinates","Maintain independently from FW-1"
PXS-SMD-005,PXS-PH-11R2107,base plate or structural substrate interface,structural_attachment,1,"Support is welded at bottom of IRWST; exact substrate/plate geometry not yet recovered",VOGTLE-3-CURRENT-PUBLIC,UNRESOLVED,SRC-0413,"ML18226A348 Sec.1A17",ACTIVE,"Base plate quantity; length/width/thickness; material; embed/liner/structural substrate identity; attachment coordinates; weld layout; anchors if any; surface finish/coating","No anchor bolts are assumed unless drawing shows them"
PXS-SMD-006,PXS-PH-11R2107,L180B pipe restraint/clamp interface,pipe_support_interface,UNRESOLVED,"Support serves IRWST screen cross-connect line L180B",VOGTLE-3-CURRENT-PUBLIC,VERIFIED_PUBLIC,SRC-0413,"ML18226A348 Sec.1A17 / SV3-PXS-PLW-100-R2",ACTIVE,"Clamp/saddle/lug type; count; pipe contact geometry; liner/pad; bolts/nuts/washers; gap; restraint direction; welds; allowable movement","Required before support can be physically complete"
PXS-SMD-007,PXS-PH-11R0269,square-tube support member set,structural_member,UNRESOLVED,"ASME Class 1 carbon-steel square-tube support upstream of V109",VOGTLE-3-CURRENT-PUBLIC,VERIFIED_PUBLIC,SRC-0413,"ML18226A348 Sec.1A16; SV3-PXS-PH-11R0269",ACTIVE,"Member count; square-tube section; wall thickness; lengths; carbon-steel grade/heats; miters/end cuts; gussets/stiffeners; coordinates","Do not infer number of tubes from generic support practice"
PXS-SMD-008,PXS-PH-11R0269,support fillet weld set 1,weld,1,"Controlled by WDS SV3-PXS-PH-11R0269-1; E7018 electrode record available",VOGTLE-3-CURRENT-PUBLIC,VERIFIED_PUBLIC,SRC-0413,"ML18226A348 Sec.1A16",ACTIVE,"Joint members; weld size/length; exact electrode lot allocation; NDE/VT; coordinates; demand/margin","One of two NRC-observed carbon-steel fillet welds"
PXS-SMD-009,PXS-PH-11R0269,support fillet weld set 2,weld,1,"Controlled by WDS SV3-PXS-PH-11R0269-2; E7018 electrode record available",VOGTLE-3-CURRENT-PUBLIC,VERIFIED_PUBLIC,SRC-0413,"ML18226A348 Sec.1A16",ACTIVE,"Joint members; weld size/length; exact electrode lot allocation; NDE/VT; coordinates; demand/margin","Track separately from weld set 1"
PXS-SMD-010,PXS-PH-11R0269,base or structural attachment,structural_attachment,1,"Support attachment exists; exact base/plate/structural interface unresolved",VOGTLE-3-CURRENT-PUBLIC,UNRESOLVED,SRC-0413,"ML18226A348 Sec.1A16",ACTIVE,"Base plate; structural steel or concrete/embed identity; bolts/anchors or welds; shims; grout if any; coating; coordinates; reactions","Do not assume baseplate anchor bolts"
PXS-SMD-011,PXS-PH-11Y2057,support frame/member set,structural_member_set,UNRESOLVED,"Installed support on PLW-01H and attached to overlay plate OLP 04-017",VOGTLE-3-CURRENT-PUBLIC,VERIFIED_PUBLIC,SRC-0206,"ML21041A051 Sec.1A14; APP-PXS-PHC-11Y2057; SV3-PXS-GNR-001225",ACTIVE,"Member shapes/sizes; material/heats; clamp/restraint; welds; bolts; accepted field offset; coordinates; reactions","Preserve as-built out-of-tolerance/NCR history"
PXS-SMD-012,PXS-PH-11Y2057,overlay plate OLP 04-017,overlay_plate,1,"Field record identifies OLP 04-017 as support attachment interface",VOGTLE-3-CURRENT-PUBLIC,VERIFIED_PUBLIC,SRC-0206,"ML21041A051 Sec.1A14; SV3-PXS-GNR-001225",ACTIVE,"Plate dimensions/thickness/material; substrate; plate-to-structure welds/anchors; support-to-plate welds; final survey coordinates; coatings","Plate is a separate structural object from the pipe support"
PXS-SMD-013,PXS-PH-11Y2059,support frame/member set,structural_member_set,UNRESOLVED,"Installed support on containment-recirculation-to-DVI-A isometric PLW-01H",VOGTLE-3-CURRENT-PUBLIC,VERIFIED_PUBLIC,SRC-0206,"ML21041A051 Sec.1A14; SV3-PXS-PH-11Y2059 Rev.1; SV3-PXS-PHW-ME3359",ACTIVE,"Member shapes; steel grade; clamp/restraint type; base/attachment interface; bolts/pins; welds; shims; coordinates; reactions","Weld SV3-PXS-PH-11Y2059-1 is already tracked as installation evidence"
PXS-SMD-014,PXS-PH-11Y2059,installation weld SV3-PXS-PH-11Y2059-1,weld,1,"Named Unit-3 installation weld; WCP-1 inspection trail",VOGTLE-3-CURRENT-PUBLIC,VERIFIED_PUBLIC,SRC-0206,"ML21041A051 Sec.1A14 / SV3-PXS-PHK-ME6342",ACTIVE,"Joint members; process/WPS; filler material; weld size/length; NDE; final location; design demand","Keep construction inspection and design-calculation evidence linked separately"
PXS-SMD-015,PXS-PH-11Y2052,dynamic restraint/snubber assembly,dynamic_restraint,1,"Unit-3 preservice-test records explicitly classify 11Y2052 as a snubber; its pin-to-pin geometry was also subject to a field NCR",VOGTLE-3-CURRENT-PUBLIC,VERIFIED_PUBLIC,SRC-0206;SRC-0430,"ML21041A051 Sec.1A14 / SV3-PXS-GNR-000196; ML21133A105 PST sample and CR 50075593",ACTIVE,"Determine hydraulic versus mechanical snubber design; manufacturer/model/serial; rated load/stroke; body/cylinder; piston/rod or mechanical energy-absorbing internals; reservoir/valving if hydraulic; seals; bearings; clevises; pins; acceptance range; final pin-to-pin dimension; orientation; coordinates; reaction/load rating; preservice test result and corrective action","This supersedes the earlier generic pin-support interpretation. Do not model snubber internals until vendor/support records resolve the actual design"
PXS-SMD-016,PXS-PH-11Y2052,end pin/clevis connection set,mechanical_joint_set,UNRESOLVED,"The public NCR establishes pin-to-pin geometry; current evidence does not yet provide pin count or clevis design",VOGTLE-3-CURRENT-PUBLIC,UNRESOLVED,SRC-0206;SRC-0430,"ML21041A051 Sec.1A14 / SV3-PXS-GNR-000196; ML21133A105 PST records",ACTIVE,"Pin quantity; diameter; length; material/heat; clevis/lug geometry; spherical bearing or bushing presence; fit/tolerance; coating/lubrication; hole geometry; retention/locking; accepted as-built pin-to-pin dimension","Pins/clevises are normal snubber interfaces but exact hardware remains unresolved; no bushing or spherical bearing is instantiated until confirmed"
PXS-SMD-017,PXS-PH-11Y2052,pin retaining/locking hardware,retainer_set,UNRESOLVED,"Retention method is not identified in current public inspection text",VOGTLE-3-CURRENT-PUBLIC,UNRESOLVED,SRC-0206;SRC-0430,"ML21041A051 Sec.1A14 / SV3-PXS-GNR-000196; ML21133A105 PST records",ACTIVE,"Cotter/clip/nut/washer/retainer plate or other method; quantity; dimensions; material; locking method","Explicit search target prevents snubber-pin retention from being omitted"
PXS-SMD-018,PXS-PH-11Y2052,mounting brackets/lugs and structural interface,structural_bracket_set,UNRESOLVED,"Snubber requires two reaction interfaces; exact bracket/lug form is unresolved",VOGTLE-3-CURRENT-PUBLIC,UNRESOLVED,SRC-0206;SRC-0430,"ML21041A051 Sec.1A14 / SV3-PXS-GNR-000196; ML21133A105 PST records",ACTIVE,"Pipe-side attachment; structure-side attachment; bracket/lug geometry; plate thickness; material; welds/bolts; hole dimensions; spacing; alignment shims; coordinates; reactions","Do not infer anchor type or bracket shape from generic snubber installations"
PXS-SMD-019,PXS-PH-11Y2052,preservice examination and corrective-action state,test_and_maintenance_record,1,"Snubber 11Y2052 had an unsatisfactory preservice examination condition recorded as CR 50075593 on 2021-01-22",VOGTLE-3-CURRENT-PUBLIC,VERIFIED_PUBLIC,SRC-0430,"ML21133A105 pp.31-32 and condition-report list",ACTIVE,"Recover deficiency description; measured drag force/activation velocity/travel or applicable test parameters; corrective work; post-maintenance test; final acceptance; as-left geometry and settings","Final CAD/behavioral model must represent the accepted as-left configuration, not the pre-correction condition"
