record_id,target_tag,model_input_group,required_parameter,engineering_role,public_anchor,evidence_state,source_ids,status,promotion_rule,remaining_retrieval
PXS-U3-RNSV002B-MODEL-001,SV3-RNS-PL-V002B,Valve geometry,"Valve size; seat/port area; stem major/root diameter; thread form/pitch/lead; wedge/stem load geometry","Converts pressure and friction terms into required axial stem load and establishes stem structural capacity and motion per actuator revolution","Westinghouse generic basis identifies the V002A/B design family as 250-mm DN / 10-in flex-wedge gate service; MIDAS publicly models stem geometry/strength terms",UNRESOLVED,SRC-0494;SRC-0497;SRC-0603,RETRIEVAL_REQUIRED,"Do not infer detailed geometry from nominal 10-in size or another Flowserve PV01 valve","Recover V002B/Z0D-116 valve drawing or VDR/setup row; stem/seat/wedge dimensions; stem thread data; valve model; design stem root diameter"
PXS-U3-RNSV002B-MODEL-002,SV3-RNS-PL-V002B,Stem structural inputs,"Stem material; yield strength; unsupported length; orientation; stem torque correction; buckling basis","Supports stem stress/buckling checks and converts actuator torque/thrust without exceeding stem limits","MIDAS revision history explicitly includes stem material yield strength, unsupported length, torque correction factor and minimum design/buckling stem diameter outputs",UNRESOLVED,SRC-0603,RETRIEVAL_REQUIRED,"Do not assign material or allowable stress from another PV01 test article","Recover Flowserve valve drawing/material record and applicable sizing calculation inputs/allowables"
PXS-U3-RNSV002B-MODEL-003,SV3-RNS-PL-V002B,Valve friction methodology,"Open/close design valve factor; stem coefficient of friction/stem factor; seating and unseating friction terms","Controls required gate-valve thrust and handwheel/actuator torque conversion; a principal MOV sizing uncertainty","MIDAS exposes gate-valve factor/COF inputs and outputs; NRC GL 96-05 requires design-basis capability rather than unsupported generic friction assumptions",UNRESOLVED,SRC-0601;SRC-0603,RETRIEVAL_REQUIRED,"Do not use generic Limitorque stem factors or another valve's measured COF as V002B values","Recover APP-PV01-VDR-000001/WCAP-18549 V002B row and its calculation references; identify open/close factors and uncertainty treatment"
PXS-U3-RNSV002B-MODEL-004,SV3-RNS-PL-V002B,Packing and running load,"Packing type/material; ring arrangement; live-load hardware; gland load; measured/calculated packing/running thrust","Separates pressure-driven gate load from persistent stem/packing friction and reconciles static diagnostic running load","NRC documents a PV01 live-load packing-configuration corrective-action chain while the V002B diagnostic package can potentially provide running-load evidence",UNRESOLVED,SRC-0460;SRC-0601;SRC-0602,RETRIEVAL_REQUIRED,"Do not assign GNR-000028 to V002B until the affected-valve roster explicitly includes V002B or the complete V001/V002 set","Recover GNR-000028/CR50054618/CAR80003016 affected population and corrected packing datasheet; recover V002B diagnostic running-load segments"
PXS-U3-RNSV002B-MODEL-005,SV3-RNS-PL-V002B,System load conditions,"Normal/design opening and closing differential pressure; upstream/downstream/line pressure; temperature; flow state","Defines hydraulic load cases for required thrust and pressure-locking/unwedging evaluation","Westinghouse generic V001A/B-V002A/B basis gives 450-psig normal and 600-psig design opening/closing differential pressure; MIDAS models maximum HELB DP and line pressure",CORROBORATED_PUBLIC,SRC-0498;SRC-0603,RECONCILE_TO_CURRENT,"Do not treat the generic 600-psig value as a measured Unit-3 condition or assume the sizing calculation used no additional load cases","Recover current V002B sizing/setup calculation load cases and line pressures/temperatures; reconcile with RNS P&ID and operating/test envelopes"
PXS-U3-RNSV002B-MODEL-006,SV3-RNS-PL-V002B,Operator mechanical train,"Exact Limitorque model/size; overall ratio; worm/worm-gear and intermediate gearing; HBC configuration; efficiency and torque multipliers/derates","Converts motor torque into actuator output torque/thrust and sets mechanical capability/efficiency limits","V002B is directly in the Limitorque qualification family; MIDAS explicitly models HBC efficiency/torque multipliers/derates and SMB gear-set ratios",UNRESOLVED,SRC-0497;SRC-0603,RETRIEVAL_REQUIRED,"Do not select an SB/SMB model or gear ratio from the 3/6/14-in PV01 qualification articles","Recover V002B setup/VDR/EQRR row, actuator nameplate and assembly/setup records"
PXS-U3-RNSV002B-MODEL-007,SV3-RNS-PL-V002B,Spring pack and mechanical torque limit,"Spring-pack curve/source; preload/range; minimum/maximum TSS/torque; OEM recommended and valve/actuator maximum TSS; installed limiter plate","Establishes torque-switch calibration, actuator load indication and mechanical protection limits","MIDAS explicitly tracks custom/generic spring-pack curves, TSS limits, OEM limits and limiter-plate status",UNRESOLVED,SRC-0603,RETRIEVAL_REQUIRED,"Do not infer V002B spring-pack geometry or TSS limits from generic Limitorque actuator literature","Recover actuator setup sheet, spring-pack calibration/test record and V002B T9/Z0C or equivalent data"
PXS-U3-RNSV002B-MODEL-008,SV3-RNS-PL-V002B,Switch control settings,"Open/close torque-switch setting; torque-switch active/bypass flags; limit-switch travel positions; seating mode","Defines electrical-mechanical stop logic and the available/limited thrust at seating and unseating","MIDAS tracks close torque-switch active/bypass logic; NRC MOV guidance emphasizes correct switch settings; V002B has tag-specific PMS/PST records",UNRESOLVED,SRC-0458;SRC-0460;SRC-0601;SRC-0603,RETRIEVAL_REQUIRED,"Do not assign dial settings, bypass range or limit-switch cams from another Limitorque unit","Recover V002B set-point data sheet, setup calculation, switch calibration and synchronized diagnostic contact/travel traces"
PXS-U3-RNSV002B-MODEL-009,SV3-RNS-PL-V002B,Motor characteristics,"Motor manufacturer/model; AC/DC type; nameplate voltage; rated current/horsepower/speed; torque-current curve; temperature derate; starting/running/stall characteristics","Defines prime mover output and electrical demand feeding actuator capability calculations","Current plant architecture resolves a 250-Vdc Class-1E source family while MIDAS BWROG-DC models motor curves, temperature derates and degraded-voltage torque",UNRESOLVED,SRC-0449;SRC-0603;SRC-0604,RETRIEVAL_REQUIRED,"Do not convert 250-Vdc system nominal into a motor nameplate assignment and do not use the 600-V cable rating as motor voltage","Recover V002B motor nameplate/VDR row, vendor motor curve, DK01 load entry and diagnostic current/voltage trace"
PXS-U3-RNSV002B-MODEL-010,SV3-RNS-PL-V002B,DC distribution impedance,"Source minimum voltage; cable length/material/size; cable resistance at design temperature; terminations; fuse/contact resistance; calculated motor-terminal degraded voltage","Couples the Division-B battery/MCC/cable system to available DC motor torque under worst-case conditions","MIDAS BWROG-DC explicitly supports calculated/input cable resistance, voltage pull-down and degraded voltage at the motor; V002B's 4/C 240-kcmil P31Y cable segment is publicly identified",UNRESOLVED,SRC-0449;SRC-0447;SRC-0603;SRC-0604,RETRIEVAL_REQUIRED,"Do not calculate final V002B voltage drop from the known cable size alone because total length, conductor path, source condition and contact/fuse resistance remain unresolved","Recover DK01 branch, complete source-to-motor cable route/length, Appendix-F load/fuse row, voltage-drop calculation and motor-terminal test voltage"
PXS-U3-RNSV002B-MODEL-011,SV3-RNS-PL-V002B,Required thrust calculation,"Minimum required thrust open/close; pressure/piston/packing/seating components; design safety factors; uncertainty and degradation allowances","Provides the controlled load demand to compare against actuator capability rather than relying on static diagnostic output alone","NRC identifies APP-PV01-VDR-000001 actuator-sizing calculations and WCAP-18549 minimum-required-thrust calculation for Vogtle 3/4; MIDAS exposes minimum-required-thrust outputs",UNRESOLVED,SRC-0478;SRC-0601;SRC-0603;SRC-0604,RETRIEVAL_REQUIRED,"Do not calculate a final V002B thrust from 600 psig until the applicable geometry/friction/packing methodology is recovered","Recover V002B or complete V001/V002 row from APP-PV01-VDR-000001/WCAP-18549 and all referenced calculation assumptions"
PXS-U3-RNSV002B-MODEL-012,SV3-RNS-PL-V002B,Actuator capability,"Instantaneous and functional actuator capability open/close; motor-limited actuator torque at degraded voltage; mechanical maximums","Defines the supply-side mechanical capacity available to satisfy required thrust over the full stroke","MIDAS BWROG-DC revision history includes degraded-voltage motor torque, motor-limited actuator torque and Functional Actuator Capability outputs",UNRESOLVED,SRC-0603;SRC-0604,RETRIEVAL_REQUIRED,"Do not equate a single static peak thrust with design Functional Actuator Capability","Recover V002B MIDAS/BWROG-DC calculation or equivalent actuator-sizing output and reconcile it with diagnostic test-of-record traces"
PXS-U3-RNSV002B-MODEL-013,SV3-RNS-PL-V002B,Setup window,"Allowable torque-switch/thrust setting window; minimum setting for function; maximum setting from valve/actuator/stem limits; target/as-left setting","Turns the sizing calculation into field setup acceptance criteria while protecting both operability and hardware","NRC's Vogtle reviewed population identifies datasheet-specific M3C minimum-thrust, T9 set-point and Z0C setup-calculation records for other PV01 datasheets; MIDAS models OEM/TSS limits and margin outputs",UNRESOLVED,SRC-0472;SRC-0603;SRC-0604,RETRIEVAL_REQUIRED,"Do not assume `SV0-PV01-M3C-116`, `T9-116` or `Z0C-116` exists merely from the confirmed 099/110 naming pattern","Recover the actual V002B/datasheet setup-document identifiers and their as-left acceptance window"
PXS-U3-RNSV002B-MODEL-014,SV3-RNS-PL-V002B,Test-of-record reconciliation,"As-found/as-left thrust, torque, current, voltage, travel, TSS and switch transitions linked to the controlled calculation record","Validates that the installed actuator was set inside the analytical window and supplies the dynamic-twin response basis","V002B has a tag-specific NRC-reviewed static-diagnostic/PST retest package; MIDAS supports test-of-record/as-left fields and margin analysis",UNRESOLVED,SRC-0460;SRC-0602;SRC-0603,RETRIEVAL_REQUIRED,"Do not substitute the 30-s containment-isolation timing result for diagnostic setup values","Recover SV3-RNS-T0W-1237493/CWA 3-21-0403 raw and evaluated results plus calculation-record cross-reference"
PXS-U3-RNSV002B-MODEL-015,SV3-RNS-PL-V002B,Margin and uncertainty,"Required-vs-available thrust/torque margin; diagnostic uncertainty; actuator-efficiency variability; stem-friction variability; degradation/periodic-verification allowance","Determines defensible design-basis capability rather than merely nominal operability","NRC GL 96-05 requires periodic design-basis capability accounting for degradation; MIDAS exposes margin/capability and variability-related calculation terms",UNRESOLVED,SRC-0601;SRC-0603,RETRIEVAL_REQUIRED,"Do not report an engineering margin until both V002B required-load and available-capability calculations plus measurement uncertainty are controlled","Recover calculation margins, uncertainty stack-up, degradation factors and acceptance criteria from the V002B calculation/test package"
PXS-U3-RNSV002B-MODEL-016,SV3-RNS-PL-V002B,Pressure-locking/thermal-binding applicability,"Whether flex-wedge pressure locking or thermal binding is screened; bonnet/upstream/downstream trapped-pressure assumptions; unwedging thrust/margin if applicable","Prevents omission of a potentially separate opening-load case for a normally closed flex-wedge isolation valve","MIDAS includes a pressure-locking analysis option and explicit bonnet/upstream/downstream pressure and static-unwedging-thrust fields; this only proves the methodology can represent the condition",UNRESOLVED,SRC-0497;SRC-0603,RETRIEVAL_REQUIRED,"Do not assert V002B is susceptible to or exempt from pressure locking/thermal binding solely because it is a flex-wedge gate valve","Recover V002B screening/calculation disposition and any bonnet equalization/relief design feature from valve drawings/P&ID/setup calculations"
PXS-U3-RNSV002B-MODEL-017,SV3-RNS-PL-V002B,Stem-nut wear/life basis,"Stem-nut material; engagement length; thread backlash/wear methodology; strokes per year; wear safety factor","Supports long-term mechanical integrity and maintenance simulation for the motor-operated stem drive","MIDAS revision history includes stem-nut wear methodology, engagement length, total thrust, material strength, strokes/year and related design outputs",UNRESOLVED,SRC-0603,RETRIEVAL_REQUIRED,"Do not infer stem-nut material or maintenance interval from generic Limitorque practice","Recover actuator maintenance/vendor manual, V002B sizing record and plant preventive-maintenance/test interval basis"