record_id,penetration_or_hardware,scope,location,confirmed_hardware_or_record,configuration,evidence_state,source_ids,source_locator,status,resolved_now,remaining_targets,notes
PXS-U3-EPH-001,SV3-IDSB-EY-P30Z,Class-1E electrical penetration assembly serving observed PXS valve cables,"Auxiliary Building Room 12304 / containment electrical boundary","EPA P30Z-ORC; termination packages SV3-P30Z-EWW-1034726/-1034728; internal EMC/cable-support installation package SV3-IDSB-EYW-1031907",VOGTLE-3-CURRENT-PUBLIC,VERIFIED_PUBLIC,SRC-0422;SRC-0425,"ML20128J831 Sec.1A08; ML22193A291 Room 12304 work-package list",ACTIVE,"Physical penetration identity, room, cable-termination scope and dedicated internal EMC/cable-support work package","EPA manufacturer/model and module construction; penetration frame dimensions; conductor/module positions; seals; Roxtec/EMC gland details where applicable; internal cable-support members; mounting/fasteners; grounding/bonding; fire/environmental seals; individual cable module assignments; as-built survey; inspection/torque records","PXS cables PLV108ARZB, PLV123ANZB and PLV130AQZB family are tracked separately"
PXS-U3-EPH-002,SV3-IDSB-EY-P31Y,Class-1E electrical penetration assembly serving observed V117A cable,"Auxiliary Building Room 12304 / containment electrical boundary","EPA P31Y-ORC; termination packages SV3-P31Y-EWW-1033892/-1034885; internal EMC/cable-support installation package SV3-IDSB-EYW-1029970",VOGTLE-3-CURRENT-PUBLIC,VERIFIED_PUBLIC,SRC-0422;SRC-0425,"ML20128J831 Sec.1A08; ML22193A291 Room 12304 work-package list",ACTIVE,"Physical penetration identity, room, V117A cable association, termination/material packages and internal cable-support/EMC package","EPA internal module layout; seal/gland type; frame and mounting; grounding; fire/environmental qualification; cable module position; internal supports; fasteners; inspection records; exact penetration-to-containment structural interface","Source text contains P31Y/P3IY OCR variation; controlled plant identifier is retained as P31Y pending drawing verification"
PXS-U3-EPH-003,"APP-1231-ER-001; APP-1231-ER-105; APP-1231-ER-106; APP-1231-ER-110",Room-12304 Class-1E tray/conduit arrangement serving penetration-room circuits,"Auxiliary Building Elevation 100-0 Room 12304 / adjacent Area 1","Class-1E cable-tray plan, conduit plans, sections/details and conduit/pull-box installation work package SV3-1230-ERW-1114086",VOGTLE-3-CURRENT-PUBLIC,VERIFIED_PUBLIC,SRC-0425,"ML22193A291 Room 12304 drawing/work-package list",ACTIVE,"Actual design drawing family for raceways and conduit supports around P30Z/P31Y and PMS equipment","Extract tray IDs; conduit IDs/sizes/material; pull boxes; tray/support types; elevations/coordinates; bend radii; fill; cable occupancy; support spacing; anchorage; grounding/bonding; fire-stop boundaries; route each PXS cable through specific segments","Do not derive routes solely from room/cabinet proximity"
PXS-U3-EPH-004,SV3-IDSB-EYW-1031907,P30Z internal EMC provisions and cable supports,"Auxiliary Building Room 12304","Dedicated construction work package installs EMC provisions and internal cable support for EPA P30Z-ORC",VOGTLE-3-CURRENT-PUBLIC,VERIFIED_PUBLIC,SRC-0425,"ML22193A291 work-package list",ACTIVE,"Dedicated P30Z internal support/EMC installation scope","Member/bracket shapes; material; quantity; attachment screws/bolts/welds; gland/frame details; bonding straps; EMC seal/gasket; support spacing; allowable cable bend/strain relief; inspection criteria; part numbers","Treat these as physical subcomponents of the penetration installation, not generic cable-routing metadata"
PXS-U3-EPH-005,SV3-IDSB-EYW-1029970,P31Y internal EMC provisions and cable supports,"Auxiliary Building Room 12304","Dedicated construction work package installs EMC provisions and internal cable support for EPA P31Y-ORC",VOGTLE-3-CURRENT-PUBLIC,VERIFIED_PUBLIC,SRC-0425,"ML22193A291 work-package list",ACTIVE,"Dedicated P31Y internal support/EMC installation scope","Internal brackets/supports; part numbers; fasteners; EMC provisions; grounding; module/gland interfaces; strain relief; inspection/acceptance; exact cable positions","Resolve OCR identifier variant against controlled drawing before geometry freeze"
PXS-U3-EPH-006,"SV3-IDSA-EY-P12Y",CMT electrical penetration family,"Unit-3 Class-1E penetration boundary; exact room/interface to recover","Multiple Unit-3 EPCR records explicitly titled CMT Electrical Pen P12",VOGTLE-3-CURRENT-PUBLIC,VERIFIED_PUBLIC,SRC-0429,"ML20042E292 Sec.1A04 lists E/C-SV3-IDSA-EY-P12Y EPCR records from 2016-2019",ACTIVE,"P12Y is a Unit-3 CMT electrical-penetration family with controlled correction history","Map individual CMT cables/channels and equipment to P12Y; EPA modules; conductor assignments; physical dimensions; seals/supports; room/elevation; Class-1E division; final accepted EPCR/as-built state","Do not infer which CMT level/AOV/MOV circuits use this penetration until cable schedules or termination records prove it"
PXS-U3-EPH-007,"SV3-IDSD-EY-P14Z",CMT electrical penetration family,"Unit-3 Class-1E penetration boundary; exact room/interface to recover","Multiple Unit-3 EPCR records explicitly titled CMT Electrical Pen P14",VOGTLE-3-CURRENT-PUBLIC,VERIFIED_PUBLIC,SRC-0429,"ML20042E292 Sec.1A04 P14Z EPCR list",ACTIVE,"P14Z CMT penetration identity and correction-record family","Per-cable/channel mapping; modules/seals; dimensions; support; grounding; location; exact division ownership; final as-built disposition",""
PXS-U3-EPH-008,"SV3-IDSD-EY-P16Y",CMT electrical penetration family,"Unit-3 Class-1E penetration boundary; exact room/interface to recover","Multiple Unit-3 EPCR records explicitly titled CMT Electrical Pen P16",VOGTLE-3-CURRENT-PUBLIC,VERIFIED_PUBLIC,SRC-0429,"ML20042E292 Sec.1A04 P16/P16Y EPCR list",ACTIVE,"P16Y CMT penetration identity and correction-record family","Per-cable/channel mapping; modules/seals; dimensions; support; grounding; room/elevation; division; final as-built disposition","Some historical record titles abbreviate P16; preserve P16Y as observed equipment identifier pending current drawing reconciliation"
PXS-U3-EPH-009,"SV3-IDSC-EY-P28Y",CMT electrical penetration family,"Unit-3 Class-1E penetration boundary; exact room/interface to recover","Unit-3 EPCR records explicitly titled CMT Electrical Pen P28",VOGTLE-3-CURRENT-PUBLIC,VERIFIED_PUBLIC,SRC-0429,"ML20042E292 Sec.1A04 P28Y EPCR list",ACTIVE,"P28Y CMT penetration identity and correction-record family","Per-cable/channel mapping; penetration modules/hardware; dimensions; seals; support/ground; location; division; final accepted as-built condition",""
