record_id,site_isometric,work_package,line_population,flowpath_class,evidence_state,source_ids,status,resolved_now,remaining_closure,do_not_infer,notes
"PXS-U3-RNSISOCLASS-001","SV3-RNS-PLW-013","SV3-RNS-P0W-ME5494","RNS-L001","HOT_LEG_SUCTION_APPROACH",VERIFIED_PUBLIC,"SRC-0608",RETRIEVAL_REQUIRED,"Unit-3 inventory directly maps PLW-013 to L001; generic RNS topology places L001 upstream of inner suction valves V001A/B","Recover drawing contents, exact branch split, V001A/B approach geometry, spools/welds/supports and current completion state","Do not place V002B on PLW-013 or infer V001B appears without drawing proof","Useful for common RCS-side approach only."
"PXS-U3-RNSISOCLASS-002","SV3-RNS-PLW-018 / -019","SV3-RNS-P0W-ME5496","RNS-L001","HOT_LEG_SUCTION_APPROACH",VERIFIED_PUBLIC,"SRC-0608",RETRIEVAL_REQUIRED,"Unit-3 inventory maps both isometrics to L001","Recover their spatial relationship to PLW-013, the hot-leg nozzle and V001 branch geometry","Do not use these sheets to place V002B","Multiple L001 site sheets imply the common approach is spatially segmented."
"PXS-U3-RNSISOCLASS-003","SV3-RNS-PLW-015","SV3-RNS-P0W-ME5495","RNS-L005;RNS-L029;RNS-L080","SUCTION_AND_CROSS_CONNECT_REGION_CANDIDATE",VERIFIED_PUBLIC,"SRC-0607;SRC-0608;SRC-0720;SRC-0721",SEARCH_REQUIRED,"Direct Unit-3 inventory proves the three line numbers share PLW-015; generic design classifies L005 within the V001-to-pump suction family and L029A/B as IRWST suction lines","Recover PLW-015 and identify exact train suffixes, endpoints, valves, tees/reducers, line classes, branch order, supports, welds and L080 function","Do not claim L005 directly connects to L029, do not assign V002B to PLW-015, and do not invent L080 function","This is the highest-value unresolved site isometric for the V002B region because it co-locates a main suction-family line with an IRWST-suction-family line."
"PXS-U3-RNSISOCLASS-004","APP-RNS-PLW-09B / SV3-RNS-PLW-09B","SV3-RNS-PLW-ME0569","RNS-L009B","PUMP_B_SUCTION_TERMINUS",VERIFIED_PUBLIC,"SRC-0611;SRC-0615;SRC-0706",ACTIVE,"Direct Unit-3 evidence fixes L009B at MP-01B, including 10-in Sch-80 CJP weld SV3-RNS-PLW-09B-15 and verified required slope","Recover complete PLW-09B spool/support/coordinate geometry and upstream transition","Do not extend 10-in Sch-80 or slope compliance upstream to L004/L005/L006/L007 or V002B","Strongest direct suction-side physical anchor."
"PXS-U3-RNSISOCLASS-005","SV3-RNS-PLW-182","SV3-RNS-P0W-ME5498","RNS-L017;RNS-L018B","B_TRAIN_DISCHARGE_DVI_REGION",VERIFIED_PUBLIC,"SRC-0722;SRC-0723",NON_SUCTION_BOUNDARY,"Unit-3 inventory places PLW-182 on L017/L018B; generic design identifies L017B/L018B as B-train discharge from V013B toward V015B","Recover exact site line suffix/valve placement and spool geometry for later RNS discharge reconstruction","Do not use PLW-182 to resolve V002B suction geometry","This explicit classification prevents adjacent RNS isometrics from contaminating suction reconstruction."
"PXS-U3-RNSISOCLASS-006","SV3-RNS-PLW-191","SV3-RNS-P0W-ME5502","RNS-L018B","B_TRAIN_DISCHARGE_DVI_REGION",VERIFIED_PUBLIC,"SRC-0722;SRC-0723",NON_SUCTION_BOUNDARY,"Unit-3 inventory maps PLW-191 to L018B, a generic B-train discharge/DVI-side line","Recover full drawing when the discharge-side RNS graph is expanded","Do not infer any suction component placement from PLW-191","Retained as an exclusion boundary for the current suction pass."
"PXS-U3-RNSISOCLASS-007","SV3-RNS-PLW-192","SV3-RNS-P0W-ME5503","RNS-L018B;RNS-L019B;RNS-L067B","B_TRAIN_DISCHARGE_AND_BRANCH_REGION",VERIFIED_PUBLIC,"SRC-0722;SRC-0723",NON_SUCTION_BOUNDARY,"Unit-3 inventory maps PLW-192 to B-side discharge line L018B plus L019B/L067B; generic design places L019B downstream of RCS pressure-boundary isolation toward DVI","Recover L067B function/endpoints and exact current site geometry","Do not import any of these line numbers into V002B suction topology","Useful future bridge from the pump-discharge train toward DVI/CVS/auxiliary returns."
"PXS-U3-RNSISOCLASS-008","SV3-RNS-PLW-198","SV3-RNS-P0W-ME5505","RNS-L018B;RNS-L066B","B_TRAIN_DISCHARGE_AND_BRANCH_REGION",VERIFIED_PUBLIC,"SRC-0722;SRC-0723",NON_SUCTION_BOUNDARY,"Unit-3 inventory maps PLW-198 to L018B/L066B","Recover L066B function/endpoints and exact site geometry","Do not treat L066B as the known L065B common-suction line or infer any relationship from adjacent numbering","L065B and L066B are separate controlled line identities; numbering similarity is not topology."
"PXS-U3-RNSISOCLASS-009","SV3-RNS-M6-001 Rev.4 / SV3-RNS-M6K-FA201 Rev.0","NRC reviewed design records","System-wide RNS/RCS interface","MASTER_TOPOLOGY_RECOVERY_RECORD",VERIFIED_PUBLIC,"SRC-0613;SRC-0724",RETRIEVAL_REQUIRED,"NRC directly reviewed the Unit-3 RNS P&ID and its RCS ITAAC functional-arrangement sketch together","Recover actual sheet/sketch contents and extract exact V001B/V002B/V003B/V004B/V005B/V021/V033B/V036B line connections and referenced isometric sheets","Do not infer topology from document titles or from later APP revision numbering","Highest-leverage topology target for current pass."
