record_id,zone_or_room,object_or_boundary,object_type,function_or_relationship,configuration,evidence_state,source_ids,status,resolved_now,remaining_closure,do_not_infer,notes
"RNS-SPAT-001","Containment Room 11208","RNS valve room","Spatial container","Contains the RNS containment-isolation valve/module region and associated electrical/raceway infrastructure","VOGTLE-4-DIRECT_ROOM_ID",VERIFIED_PUBLIC,"SRC-0900;SRC-0901","ACTIVE_SPATIAL_RECONSTRUCTION","Room 11208 is explicitly identified as the RNS Valve Room; EL 94'-0 conduit-support plan exists","Exact plan dimensions; door/hatch locations; ceiling elevation; floor penetrations; equipment coordinates; adjacent corridors/rooms; fire/radiation/HVAC/drainage details","Do not derive a complete room plan from the room number or conduit-plan title","This row converts the room from incidental metadata into a required plant-space object."
"RNS-SPAT-002","Containment Room 11208","Q240","Mechanical module","RNS containment-isolation valve module containing RNS piping valves and pipe supports","AP1000-DESIGN_WITH_SITE_RECONCILIATION_REQUIRED",VERIFIED_PUBLIC,"SRC-0901","DECOMPOSITION_REQUIRED","NRC directly identifies Q240 and its design-analysis document family","Installed Unit-3/4 tag population; module member geometry; welds; support nodes; interface points; lifting points; anchors; as-built coordinates","Do not copy generic module dimensions or analytical member sizes into Vogtle without site evidence","Structural frame and every supported valve/spool/support remain individual closure objects."
"RNS-SPAT-003","Containment Room 11208","CB37 north wall panel","Structural wall module","Defines standard-design north boundary of RNS valve room","STANDARD_PLANT_REFERENCE",CORROBORATED_PUBLIC,"SRC-0902","SITE_RECONCILIATION_REQUIRED","CB37 is named as the RNS Valve Room north wall panel spanning nominal EL 94'-0 to 105'-2","Vogtle unit-specific installed drawing; panel dimensions; thickness; embeds; openings; welds; concrete/liner interfaces","Do not treat standard-plant estimate metadata as final Vogtle as-built geometry","Must be reconciled to site structural/module drawings."
"RNS-SPAT-004","Containment Room 11208","CB38 east wall panel","Structural wall module","Defines standard-design east boundary of RNS valve room","STANDARD_PLANT_REFERENCE",CORROBORATED_PUBLIC,"SRC-0902","SITE_RECONCILIATION_REQUIRED","CB38 is named as the RNS Valve Room east wall panel spanning nominal EL 94'-0 to 105'-2","Vogtle unit-specific installed drawing; panel dimensions; thickness; embeds; openings; welds; concrete/liner interfaces","Do not treat standard-plant estimate metadata as final Vogtle as-built geometry",""
"RNS-SPAT-005","Containment Room 11208","CB39 south wall panel","Structural wall module","Defines standard-design south boundary of RNS valve room","STANDARD_PLANT_REFERENCE",CORROBORATED_PUBLIC,"SRC-0902","SITE_RECONCILIATION_REQUIRED","CB39 is named as the RNS Valve Room south wall panel spanning nominal EL 94'-0 to 105'-2","Vogtle unit-specific installed drawing; panel dimensions; thickness; embeds; openings; welds; concrete/liner interfaces","Do not treat standard-plant estimate metadata as final Vogtle as-built geometry",""
"RNS-SPAT-006","Containment Room 11208","APP-1120-ER-501 Rev.7 + ER-960/707/715","Electrical conduit/support drawing family","Provides direct room-specific electrical-raceway/support reconstruction route","VOGTLE-4-DIRECT_DRAWING_ROUTE",VERIFIED_PUBLIC,"SRC-0900","ACTIVE_RETRIEVAL_ROUTE","Room-specific conduit-support plan and fabrication drawings are directly identified by NRC","Conduit IDs/routes/sizes; support tags/coordinates; cables; JBs; equipment terminations; separation class; grounding; penetrations","Do not invent circuit ownership from support-plan existence","Electrical reconstruction is part of RNS room closure."
"RNS-SPAT-007","Containment Room 11208","Maintenance hatch and padeyes","Maintenance handling interface","Provides equipment removal/maintenance access","AP1000-DESIGN_CHANGE",VERIFIED_PUBLIC,"SRC-0903","IMPLEMENTATION_RECONCILIATION_REQUIRED","APP-GW-GEE-1630 explicitly adds a hatch and padeyes to the RNS valve room for maintenance","Hatch drawing; dimensions; elevation; fire/seismic boundary; cover/hinges/fasteners; padeye count/coordinates/SWL; rigging path; Vogtle implementation","Do not invent hatch dimensions or lifting capacity from DCP title","Treat removal path and laydown/rigging clearance as mandatory closure items."
"RNS-SPAT-008","Auxiliary Building Room 12162","RNS-MP-01A suction region","Pump-room process/spatial zone","Contains Unit-3 RNS Pump A suction piping","VOGTLE-3-DIRECT",VERIFIED_PUBLIC,"SRC-0904","ACTIVE_SPATIAL_RECONSTRUCTION","SV3-RNS-PLW-09A directly names Room 12162 and Pump MP-01A suction lines","Full floor plan; pump footprint/elevation; suction spool geometry; valves; supports; drains; doors; HVAC; electrical; radiation/fire interfaces","Do not infer room dimensions or equipment coordinates from isometric title",""
"RNS-SPAT-009","Auxiliary Building Room 12163","RNS-MP-01B suction region","Pump-room process/spatial zone","Contains Unit-3 RNS Pump B suction piping","VOGTLE-3-DIRECT",VERIFIED_PUBLIC,"SRC-0904","ACTIVE_SPATIAL_RECONSTRUCTION","SV3-RNS-PLW-09B directly names Room 12163 and Pump MP-01B suction lines","Full floor plan; pump footprint/elevation; suction spool geometry; valves; supports; drains; doors; HVAC; electrical; radiation/fire interfaces","Do not infer room dimensions or equipment coordinates from isometric title",""
"RNS-SPAT-010","Rooms 12162/12262","RNS-MP-01A to RNS-ME-01A discharge route","Process/spatial route","A-train pump-discharge transition toward RNS heat exchanger A","VOGTLE-3-DIRECT",VERIFIED_PUBLIC,"SRC-0904","ACTIVE_GEOMETRY_ROUTE","SV3-RNS-PLW-141 directly names Rooms 12162/12262 and MP-01A-to-ME-01A discharge scope","Exact room crossing/penetration; spool/fitting/valve/support geometry; ME-01A room/footprint; maintenance clearances","Do not assume 12262 is itself the final HX room without the architectural/equipment-location drawing",""
"RNS-SPAT-011","Rooms 12163/12262","RNS-MP-01B to RNS-ME-01B discharge route","Process/spatial route","B-train pump-discharge transition toward RNS heat exchanger B","VOGTLE-3-DIRECT",VERIFIED_PUBLIC,"SRC-0904","ACTIVE_GEOMETRY_ROUTE","SV3-RNS-PLW-161 directly names Rooms 12163/12262 and MP-01B-to-ME-01B discharge scope","Exact room crossing/penetration; spool/fitting/valve/support geometry; ME-01B room/footprint; maintenance clearances","Do not infer common A/B room arrangement from mirrored nomenclature alone",""
"RNS-SPAT-012","Room 12162","SV3-CA20-ERW-EL5041","Field-routed conduit work package","Electrical raceway installation in RNS Pump Room A","VOGTLE-3-CONSTRUCTION_ROUTE",VERIFIED_PUBLIC,"SRC-0905","ACTIVE_RETRIEVAL_ROUTE","Package title explicitly places scheduled field-routed conduit in Room 12162","Executed package; conduit IDs/sizes/routes/supports; circuits/cables; JBs; panel/MCC sources; grounds; penetrations","Do not fabricate electrical circuits from the package title",""
"RNS-SPAT-013","Room 12163","SV3-CA20-ERW-EL5042","Field-routed conduit work package","Electrical raceway installation in RNS Pump Room B","VOGTLE-3-CONSTRUCTION_ROUTE",VERIFIED_PUBLIC,"SRC-0905","ACTIVE_RETRIEVAL_ROUTE","Package title explicitly places scheduled field-routed conduit in Room 12163","Executed package; conduit IDs/sizes/routes/supports; circuits/cables; JBs; panel/MCC sources; grounds; penetrations","Do not fabricate electrical circuits from the package title",""
"RNS-SPAT-014","RNS Pump Room A","VAS-MA-08A","Unit-cooler fan","Forced-air cooling for RNS Pump Room A; MCR-startable with run-status display","VOGTLE-ITAAC_TAG",VERIFIED_PUBLIC,"SRC-0906;SRC-0908;SRC-0909","TAG_FUNCTION_CONTROL_POWER_PARTIAL","Fan tag/function and MCR Start/Run Status are direct; standby source family resolves to ZOS-MG-02A","Exact motor data/nameplate; local starter/breaker/disconnect; cable/raceway; fan curve; unit-cooler casing; coil tag; air path; thermostat/control logic; supports; drain","Do not assign a VAS-MY-Cxx cooling coil to MA-08A without an explicit drawing/equipment-schedule bridge",""
"RNS-SPAT-015","RNS Pump Room B","VAS-MA-08B","Unit-cooler fan","Forced-air cooling for RNS Pump Room B; MCR-startable with run-status display","VOGTLE-ITAAC_TAG",VERIFIED_PUBLIC,"SRC-0906;SRC-0908;SRC-0909","TAG_FUNCTION_CONTROL_POWER_PARTIAL","Fan tag/function and MCR Start/Run Status are direct; standby source family resolves to ZOS-MG-02B","Exact motor data/nameplate; local starter/breaker/disconnect; cable/raceway; fan curve; unit-cooler casing; coil tag; air path; thermostat/control logic; supports; drain","Do not assign a VAS-MY-Cxx cooling coil to MA-08B without an explicit drawing/equipment-schedule bridge",""
"RNS-SPAT-016","RNS Pump Rooms A/B","VWS chilled-water supply to unit coolers","HVAC cooling-water interface","Provides chilled water to RNS pump-room cooling equipment","AP1000_GENERIC_PLUS_VOGTLE_ITAAC",VERIFIED_PUBLIC,"SRC-0907;SRC-0908","SYSTEM_INTERFACE_RESOLVED_LOCAL_HARDWARE_OPEN","VWS-to-RNS-pump-room-cooler function is directly established and is tested in Vogtle ITAAC","Exact RNS coil tags; A/B coil pairing; pipe sizes/classes; isolation/balancing/control valves; vents/drains; strainers; thermometers/pressure taps; supports; condensate routing; room penetrations","Do not map C06/C07/C12 to RNS by table adjacency",""
"RNS-SPAT-017","RNS Pump Rooms A/B","APP-GW-GEE-1765","Overhead monorails","Permanent maintenance handling for pump-room equipment","AP1000-DESIGN_CHANGE",VERIFIED_PUBLIC,"SRC-0903","IMPLEMENTATION_RECONCILIATION_REQUIRED","DCP explicitly identifies RNS Pump Room A/B overhead monorails","Rail drawings; beam/track section; anchors; hoist/trolley; SWL; hook coverage; travel stops; power if powered; inspection points; Vogtle implementation","Do not invent hoist capacity or coverage envelope",""
"RNS-SPAT-018","RNS Pump Rooms A/B","RNS pump disassembly/mounting table","Maintenance tooling","Supports RNS pump disassembly/mounting operations","VOGTLE_EPC_TOOL_ROUTE",CORROBORATED_PUBLIC,"SRC-0911","ACTIVE_RETRIEVAL_ROUTE","An RNS pump disassembly/mounting table and document family MZ3Q-Z0D-001 are listed","Unit-specific quantity/location; dimensions; fixtures; load rating; interface to monorail/pump removal path; storage provisions","Do not assume the table is permanently installed in each pump room",""
"RNS-SPAT-019","RNS Pump Rooms A/B","Complete architectural access network","Doors corridors stairs ladders hatches and egress","Personnel and equipment access/egress","VOGTLE-3-ASBUILT_REQUIRED",UNRESOLVED,"","HIGH_PRIORITY_SEARCH","Room IDs and maintenance hardware are known, but the complete access network is not","Door tags/sizes/swings/fire ratings; corridor adjacency; stairs/ladders; thresholds; equipment-removal route; security/radiological boundaries; emergency egress","Do not draw doors/corridors from symmetry or generic room numbering","Mandatory under the loop completeness rule."
"RNS-SPAT-020","RNS Pump Rooms A/B and Room 11208","Fire protection and room barriers","Fire detection/suppression/barrier system","Protects room/equipment and defines fire-area interfaces","VOGTLE-3_ASBUILT_REQUIRED",UNRESOLVED,"","SEARCH_REQUIRED","Pump-room fire significance is documented in generic AP1000 assessments, but Vogtle tag-level room fire hardware is not yet reconstructed","Fire-area boundaries; detector tags; suppression/nozzles/hose stations; penetration seals; barrier ratings; combustible loading; fire damper interfaces","Do not copy UK/V.C. Summer fire hardware into Vogtle",""
"RNS-SPAT-021","RNS Pump Rooms A/B and Room 11208","Drains/sumps/leak collection","Drainage interface","Collects equipment leakage HVAC condensate and maintenance drains","VOGTLE-3_4_ASBUILT_REQUIRED",UNRESOLVED,"","SEARCH_REQUIRED","No complete tag-level drainage path has yet been established for these rooms","Floor drains; equipment drains; condensate drains; sump destinations; valves/traps; leak detection; elevations/slopes; cross-system owner","Do not route drains to WLS/WWS/RDS by assumption",""
"RNS-SPAT-022","RNS Pump Rooms A/B and Room 11208","Radiation monitoring / local dose interfaces","Monitoring interface","Defines local radiation/dose monitoring affecting access and maintenance","VOGTLE-3_4_ASBUILT_REQUIRED",UNRESOLVED,"","SEARCH_REQUIRED","No complete room-specific RMS/portable-monitoring population is yet reconstructed","Fixed monitor/detector tags; local indication; alarms; sampling points if any; cable/power path; shielding/access controls","Do not infer a fixed monitor exists merely because the room contains radioactive piping",""
"RNS-SPAT-023","RNS Pump Rooms A/B and Room 11208","Lighting receptacles local panels and grounding","Electrical room services","Provides permanent room electrical services separate from process loads","VOGTLE-3_4_ASBUILT_REQUIRED",UNRESOLVED,"","SEARCH_REQUIRED","Process/raceway evidence exists but room-service electrical details are incomplete","Lighting fixtures; emergency lighting; receptacles; local panels; transformers; grounding/bonding; circuits; supports; raceways","Do not merge process-equipment power with room-service circuits",""
